Player,Age,A group,Bat,B group,Height(inch),H group,Weight,W group,5thHR,5thC,10thHR,10thC,20thHR,20thC,30thHR,30thC,Team,League,HR
Donovan Solano,31,2,R,0,67,0,208,1,228,0,228,0,228,0,228,0,SF,0,4
Terrance Gore,28,1,R,0,67,0,165,0,58,0,58,0,58,0,58,0,KC,1,0
Leury Garcia,28,1,B,2,67,0,153,0,272,1,618,0,618,0,618,0,CWS,1,8
Gerardo Parra,32,2,L,1,68,0,219,1,168,1,303,0,303,0,303,0,WAS,0,8
Francisco Mejia,24,0,B,2,68,0,190,1,164,1,244,0,244,0,244,0,SD,0,8
Jonathan Davis,27,1,R,0,68,0,188,1,95,0,95,0,95,0,95,0,TOR,1,2
Adam Eaton,30,2,L,1,68,0,184,1,224,1,518,1,656,0,656,0,WAS,0,15
Josh Harrison,32,2,R,0,68,0,177,0,147,0,147,0,147,0,147,0,DET,1,1
Andrew Velazquez,25,1,B,2,68,0,175,0,24,0,24,0,24,0,24,0,CLE,1,0
Cedric Mullins,25,1,B,2,68,0,175,0,74,0,74,0,74,0,74,0,BAL,1,0
Ozzie Albies,22,0,B,2,68,0,165,0,124,1,293,1,618,1,702,0,ATL,0,24
Willians Astudillo,28,1,R,0,69,0,225,2,204,0,204,0,204,0,204,0,MIN,1,4
Delino DeShields Jr.,27,1,R,0,69,0,205,1,408,0,408,0,408,0,408,0,TEX,1,4
Nick Dini,26,1,R,0,69,0,205,1,64,0,64,0,64,0,64,0,KC,1,2
Christian Vazquez,29,1,R,0,69,0,195,1,83,1,215,1,470,1,521,0,BOS,1,23
Andrew Benintendi,25,1,L,1,69,0,194,1,158,1,424,1,615,0,615,0,BOS,1,13
Kolten Wong,29,1,L,1,69,0,190,1,161,1,461,1,549,0,549,0,STL,0,11
Jose Ramirez,27,1,B,2,69,0,190,1,304,1,405,1,513,1,542,0,CLE,1,23
Luis Urias,22,0,R,0,69,0,186,1,249,0,249,0,249,0,249,0,SD,0,4
Dustin Pedroia,36,2,R,0,69,0,180,1,21,0,21,0,21,0,21,0,BOS,1,0
Willie Calhoun,25,1,L,1,69,0,177,0,84,1,155,1,312,1,337,0,TEX,1,21
Mookie Betts,27,1,R,0,69,0,175,0,119,1,279,1,543,1,706,0,BOS,1,29
Franklin Barreto,23,0,R,0,69,0,174,0,58,0,58,0,58,0,58,0,OAK,1,2
Juan Centeno,29,1,L,1,69,0,172,0,18,0,18,0,18,0,18,0,BOS,1,0
Alex Bregman,25,1,R,0,72,1,192,1,122,1,147,1,321,1,531,1,HOU,1,41
Abraham Almonte,30,2,B,2,69,0,170,0,38,0,38,0,38,0,38,0,ARI,0,1
Mallex Smith,26,1,L,1,69,0,160,0,231,1,566,0,566,0,566,0,SEA,1,6
Tzu-Wei Lin,25,1,L,1,69,0,155,0,22,0,22,0,22,0,22,0,BOS,1,0
Welington Castillo,32,2,R,0,70,1,230,2,113,1,232,1,251,0,251,0,CWS,1,12
Jean Segura,29,1,R,0,70,1,220,2,178,1,313,1,618,0,618,0,PHI,0,12
Josh Phegley,31,2,R,0,70,1,215,1,109,1,245,1,342,0,342,0,OAK,1,12
Mike Brosseau,25,1,R,0,70,1,215,1,84,1,142,0,142,0,142,0,TB,1,6
Manuel Margot,25,1,R,0,70,1,209,1,209,1,303,1,441,0,441,0,SD,0,12
Phillip Ervin,27,1,R,0,70,1,207,1,172,1,260,0,260,0,260,0,CIN,0,7
Max Stassi,28,1,R,0,70,1,206,1,147,0,147,0,147,0,147,0,HOU,1,1
Russell Martin,36,2,R,0,70,1,205,1,223,1,249,0,249,0,249,0,LAD,0,6
Jackie Bradley Jr.,29,1,L,1,70,1,200,1,214,1,356,1,514,1,567,0,BOS,1,21
Eric Haase,26,1,R,0,70,1,200,1,17,0,17,0,17,0,17,0,CLE,1,1
Tony Wolters,27,1,L,1,70,1,197,1,411,0,411,0,411,0,411,0,COL,0,1
Anthony Rendon,29,1,R,0,72,1,190,1,54,1,159,1,311,1,531,1,WAS,0,34
Brock Holt,31,2,L,1,70,1,195,1,295,0,295,0,295,0,295,0,BOS,1,3
Taylor Davis,29,1,R,0,70,1,195,1,20,0,20,0,20,0,20,0,CHC,0,1
Guillermo Heredia,28,1,R,0,70,1,195,1,223,1,231,0,231,0,231,0,TB,1,5
John Ryan Murphy,28,1,R,0,70,1,195,1,70,0,70,0,70,0,70,0,ARI,0,4
Danny Mendick,26,1,R,0,70,1,195,1,40,0,40,0,40,0,40,0,CWS,1,2
Jose Trevino,26,1,R,0,70,1,195,1,126,0,126,0,126,0,126,0,TEX,1,2
Jose Pirela,29,1,R,0,70,1,191,1,24,0,24,0,24,0,24,0,PHI,0,1
Rene Rivera,36,2,R,0,70,1,190,1,20,0,20,0,20,0,20,0,NYM,0,1
Daniel Descalso,33,2,L,1,70,1,190,1,193,0,193,0,193,0,193,0,CHC,0,2
Austin Meadows,24,0,L,1,74,1,195,1,56,1,143,1,415,1,536,1,TB,1,33
Christian Colon,30,2,R,0,70,1,190,1,8,0,8,0,8,0,8,0,CIN,0,0
Austin Barnes,29,1,R,0,70,1,190,1,167,1,242,0,242,0,242,0,LAD,0,5
Jon Berti,29,1,R,0,70,1,190,1,155,1,287,0,287,0,287,0,MIA,0,6
Michael Chavis,24,0,R,0,70,1,190,1,58,1,118,1,382,0,382,0,BOS,1,18
Tommy Edman,24,0,B,2,70,1,185,1,185,1,298,1,349,0,349,0,STL,0,11
Isan Diaz,23,0,L,1,70,1,185,1,201,1,201,0,201,0,201,0,MIA,0,5
Eric Sogard,33,2,L,1,70,1,183,1,148,1,271,1,442,0,442,0,TOR,1,10
Jake Elmore,32,2,R,0,70,1,180,1,49,0,49,0,49,0,49,0,PIT,0,0
Jedd Gyorko,31,2,R,0,70,1,180,1,39,0,39,0,39,0,39,0,LAD,0,0
Chris Owings,28,1,R,0,70,1,180,1,196,0,196,0,196,0,196,0,KC,1,2
Nick Solak,24,0,R,0,70,1,180,1,115,1,135,0,135,0,135,0,TEX,1,5
Myles Straw,25,1,R,0,70,1,179,0,128,0,128,0,128,0,128,0,HOU,1,0
Brandon Lowe,25,1,L,1,70,1,178,0,67,1,161,1,327,0,327,0,TB,1,17
Isiah Kiner-Falefa,24,0,R,0,70,1,176,0,222,0,222,0,222,0,222,0,TEX,1,1
Jason Kipnis,32,2,L,1,70,1,175,0,223,1,371,1,511,0,511,0,CLE,1,17
Garrett Stubbs,26,1,L,1,70,1,175,0,39,0,39,0,39,0,39,0,HOU,1,0
David Fletcher,25,1,R,0,70,1,175,0,250,1,653,0,653,0,653,0,LAA,1,6
Donnie Walton,25,1,L,1,70,1,175,0,19,0,19,0,19,0,19,0,SEA,1,0
Scott Kingery,25,1,R,0,70,1,175,0,111,1,165,1,500,0,500,0,PHI,0,19
Jason Martin,24,0,L,1,70,1,175,0,40,0,40,0,40,0,40,0,PIT,0,0
Shed Long,24,0,L,1,70,1,175,0,136,1,168,0,168,0,168,0,SEA,1,5
Rajai Davis,39,2,R,0,70,1,170,0,26,0,26,0,26,0,26,0,NYM,0,1
Ryan Goins,31,2,L,1,70,1,170,0,163,0,163,0,163,0,163,0,CWS,1,2
Johnny Davis,29,1,B,2,70,1,170,0,4,0,4,0,4,0,4,0,TB,1,0
Roman Quinn,26,1,R,0,70,1,170,0,122,0,122,0,122,0,122,0,PHI,0,4
Luis Guillorme,25,1,L,1,70,1,170,0,70,0,70,0,70,0,70,0,NYM,0,1
Cesar Hernandez,29,1,B,2,70,1,167,0,210,1,583,1,667,0,667,0,PHI,0,14
Scooter Gennett,29,1,L,1,70,1,165,0,139,0,139,0,139,0,139,0,SF,0,2
Luis Rengifo,22,0,B,2,70,1,165,0,344,1,406,0,406,0,406,0,LAA,1,7
Jarrod Dyson,35,2,L,1,70,1,160,0,188,1,452,0,452,0,452,0,ARI,0,7
Ben Gamel,27,1,L,1,70,1,156,0,202,1,356,0,356,0,356,0,MIL,0,7
Luis Arraez,22,0,L,1,70,1,155,0,366,0,366,0,366,0,366,0,MIN,1,4
Thairo Estrada,23,0,R,0,70,1,154,0,69,0,69,0,69,0,69,0,NYY,1,3
Bryce Harper,27,1,L,1,75,2,220,2,94,1,242,1,501,1,584,1,PHI,0,35
Ronald Torreyes,27,1,R,0,70,1,151,0,17,0,17,0,17,0,17,0,MIN,1,0
Wilfredo Tovar,28,1,R,0,70,1,150,0,88,0,88,0,88,0,88,0,LAA,1,0
Pablo Reyes,26,1,R,0,70,1,150,0,157,0,157,0,157,0,157,0,PIT,0,2
Pablo Sandoval,33,2,B,2,71,1,268,2,76,1,172,1,296,0,296,0,SF,0,14
Josh Naylor,22,0,L,1,71,1,247,2,135,1,279,0,279,0,279,0,SD,0,8
Howie Kendrick,36,2,R,0,71,1,224,2,84,1,155,1,370,0,370,0,WAS,0,17
Roberto Perez,30,2,R,0,71,1,220,2,97,1,155,1,339,1,449,0,CLE,1,24
Hanser Alberto,27,1,R,0,71,1,215,1,302,1,428,1,550,0,550,0,BAL,1,12
Clint Frazier,25,1,R,0,71,1,212,1,62,1,145,1,246,0,246,0,NYY,1,12
Carlos Santana,33,2,B,2,71,1,210,1,126,1,231,1,382,1,540,1,CLE,1,34
Alex Avila,32,2,L,1,71,1,210,1,78,1,201,0,201,0,201,0,ARI,0,9
Seby Zavala,26,1,R,0,71,1,210,1,12,0,12,0,12,0,12,0,CWS,1,0
Odubel Herrera,27,1,L,1,71,1,206,1,139,0,139,0,139,0,139,0,PHI,0,1
Shin-Soo Choo,37,2,L,1,71,1,205,1,171,1,222,1,509,1,660,0,TEX,1,24
Tyler O'Neill,24,0,R,0,71,1,205,1,90,1,151,0,151,0,151,0,STL,0,5
Kurt Suzuki,36,2,R,0,71,1,204,1,62,1,170,1,309,0,309,0,WAS,0,17
Khris Davis,31,2,R,0,71,1,203,1,30,1,73,1,468,1,533,0,OAK,1,23
Beau Taylor,29,1,L,1,71,1,203,1,30,0,30,0,30,0,30,0,OAK,1,2
Charlie Blackmon,33,2,L,1,75,2,200,1,162,1,206,1,321,1,606,1,COL,0,32
Jon Jay,34,2,L,1,71,1,200,1,182,0,182,0,182,0,182,0,CWS,1,0
Brian Dozier,32,2,R,0,71,1,200,1,114,1,223,1,477,1,482,0,WAS,0,20
Tim Federowicz,32,2,R,0,71,1,200,1,83,0,83,0,83,0,83,0,TEX,1,4
Pat Valaika,27,1,R,0,71,1,200,1,86,0,86,0,86,0,86,0,COL,0,1
Yolmer Sanchez,27,1,B,2,71,1,200,1,555,0,555,0,555,0,555,0,CWS,1,2
Daniel Robertson,25,1,R,0,71,1,200,1,237,0,237,0,237,0,237,0,TB,1,2
Nico Hoerner,22,0,R,0,71,1,200,1,82,0,82,0,82,0,82,0,CHC,0,3
Jack Mayfield,29,1,R,0,71,1,199,1,65,0,65,0,65,0,65,0,HOU,1,2
Greg Garcia,30,2,L,1,71,1,198,1,372,0,372,0,372,0,372,0,SD,0,4
Matt Thaiss,24,0,L,1,71,1,197,1,48,1,164,0,164,0,164,0,LAA,1,8
Brett Gardner,36,2,L,1,71,1,195,1,81,1,241,1,464,1,550,0,NYY,1,28
Chris Iannetta,36,2,R,0,71,1,195,1,78,1,164,0,164,0,164,0,COL,0,6
Andrew McCutchen,33,2,R,0,71,1,195,1,123,1,253,1,262,0,262,0,PHI,0,10
Christian Yelich,27,1,L,1,75,2,200,1,47,1,91,1,195,1,346,1,MIL,0,44
J.B. Shuck,32,2,L,1,71,1,195,1,57,0,57,0,57,0,57,0,PIT,0,0
Tucker Barnhart,28,1,B,2,71,1,195,1,135,1,348,1,364,0,364,0,CIN,0,11
Cody Bellinger,24,0,L,1,76,2,213,1,29,1,86,1,228,1,365,1,LAD,0,47
Dwight Smith,27,1,L,1,71,1,195,1,94,1,222,1,392,0,392,0,BAL,1,13
Ramon Laureano,25,1,R,0,71,1,195,1,163,1,277,1,387,1,481,0,OAK,1,24
Jose Iglesias,29,1,R,0,71,1,194,1,241,1,466,1,530,0,530,0,CIN,0,11
Tyler Heineman,28,1,B,2,71,1,194,1,12,0,12,0,12,0,12,0,MIA,0,1
Steve Pearce,36,2,R,0,71,1,190,1,98,0,98,0,98,0,98,0,BOS,1,1
Ender Inciarte,29,1,L,1,71,1,190,1,216,1,230,0,230,0,230,0,ATL,0,5
Erick Mejia,25,1,B,2,71,1,190,1,27,0,27,0,27,0,27,0,KC,1,0
Kean Wong,24,0,R,0,71,1,190,1,18,0,18,0,18,0,18,0,LAA,1,0
Michael Hermosillo,24,0,R,0,71,1,190,1,46,0,46,0,46,0,46,0,LAA,1,0
Yadier Molina,37,2,R,0,71,1,187,1,331,1,429,1,452,0,452,0,STL,0,10
Abiatal Avelino,24,0,R,0,71,1,186,1,8,0,8,0,8,0,8,0,SF,0,0
Mike Yastrzemski,29,1,L,1,71,1,185,1,90,1,218,1,369,1,411,0,SF,0,21
Christian Arroyo,24,0,R,0,71,1,185,1,57,0,57,0,57,0,57,0,TB,1,2
Daniel Vogelbach,26,1,L,1,72,1,250,2,24,1,133,1,309,1,503,1,SEA,1,30
Justin Turner,34,2,R,0,71,1,180,1,156,1,333,1,451,1,549,0,LAD,0,27
Adeiny Hechavarria,30,2,R,0,71,1,180,1,100,1,221,0,221,0,151,0,NYM,0,5
Michael Perez,27,1,L,1,71,1,180,1,55,0,55,0,55,0,55,0,TB,1,0
Tim Lopes,25,1,R,0,71,1,180,1,128,0,128,0,128,0,128,0,SEA,1,1
Yangervis Solarte,32,2,B,2,71,1,178,0,78,0,78,0,78,0,78,0,SF,0,1
Ichiro Suzuki,45,2,L,1,71,1,175,0,6,0,6,0,6,0,6,0,SEA,1,0
Sandy Leon,30,2,B,2,71,1,175,0,144,1,191,0,191,0,191,0,BOS,1,5
Charlie Tilson,26,1,L,1,71,1,175,0,157,0,157,0,157,0,157,0,CWS,1,1
Garrett Hampson,25,1,R,0,71,1,175,0,283,1,327,0,327,0,327,0,COL,0,8
Sam Haggerty,25,1,B,2,71,1,175,0,4,0,4,0,4,0,4,0,NYM,0,0
Nicky Lopez,24,0,L,1,71,1,175,0,402,0,402,0,402,0,402,0,KC,1,2
Meibrys Viloria,22,0,L,1,71,1,175,0,148,0,148,0,148,0,148,0,KC,1,1
Melky Cabrera,35,2,B,2,71,1,170,0,231,1,397,0,397,0,397,0,PIT,0,7
Tommy La Stella,30,2,L,1,71,1,170,0,66,1,118,1,315,0,315,0,LAA,1,16
Enrique Hernandez,28,1,R,0,71,1,170,0,76,1,216,1,460,0,460,0,LAD,0,17
Adam Frazier,27,1,L,1,71,1,170,0,387,1,570,1,608,0,608,0,PIT,0,10
Alen Hanson,27,1,B,2,71,1,170,0,48,0,48,0,48,0,48,0,TOR,1,0
Harold Ramirez,25,1,R,0,71,1,170,0,231,1,369,1,445,0,445,0,MIA,0,11
Edmundo Sosa,23,0,R,0,71,1,170,0,10,0,10,0,10,0,10,0,STL,0,0
Jorge Polanco,26,1,B,2,71,1,165,0,92,1,255,1,601,1,704,0,MIN,1,22
Josh VanMeter,24,0,L,1,71,1,165,0,167,1,260,0,260,0,260,0,CIN,0,8
Ruben Tejada,30,2,R,0,71,1,162,0,9,0,9,0,9,0,9,0,NYM,0,0
Rafael Ortega,28,1,L,1,71,1,160,0,96,0,96,0,96,0,96,0,ATL,0,2
Breyvic Valera,27,1,B,2,71,1,160,0,52,0,52,0,52,0,52,0,TOR,1,1
Domingo Leyba,24,0,B,2,71,1,160,0,30,0,30,0,30,0,30,0,ARI,0,0
Magneuris Sierra,23,0,L,1,71,1,159,0,42,0,42,0,42,0,42,0,MIA,0,0
Dee Gordon,31,2,L,1,71,1,150,0,421,0,421,0,421,0,421,0,SEA,1,3
Danny Santana,29,1,B,2,71,1,150,0,178,1,234,1,367,1,510,0,TEX,1,28
DJ Stewart,25,1,L,1,72,1,230,2,142,0,142,0,142,0,142,0,BAL,1,4
Manny Pina,32,2,R,0,72,1,228,2,98,1,179,0,179,0,179,0,MIL,0,7
Scott Schebler,29,1,L,1,72,1,225,2,95,0,95,0,95,0,95,0,CIN,0,2
Mike Ford,27,1,L,1,72,1,225,2,99,1,125,1,163,0,163,0,NYY,1,12
Wilson Ramos,32,2,R,0,72,1,221,2,167,1,327,1,524,0,524,0,NYM,0,14
Bobby Wilson,36,2,R,0,72,1,220,2,47,0,47,0,47,0,47,0,DET,1,0
Omar Narvaez,27,1,L,1,72,1,220,2,73,1,229,1,447,1,482,0,SEA,1,22
Eddie Rosario,28,1,L,1,73,1,180,1,66,1,97,1,333,1,542,1,MIN,1,32
Jace Peterson,29,1,L,1,72,1,215,1,108,0,108,0,108,0,108,0,BAL,1,2
Eduardo Escobar,30,2,B,2,70,1,185,1,120,1,195,1,413,1,585,1,ARI,0,35
Gio Urshela,28,1,R,0,72,1,215,1,194,1,278,1,424,1,476,0,NYY,1,21
Edwin Encarnacion,36,2,R,0,73,1,230,2,70,1,142,1,274,1,411,1,SEA,1,21
Jared Walsh,26,1,L,1,72,1,215,1,87,0,87,0,87,0,87,0,LAA,1,1
Tres Barrera,25,1,R,0,72,1,215,1,2,0,2,0,2,0,2,0,WAS,0,0
Martin Prado,36,2,R,0,72,1,214,1,260,0,260,0,260,0,260,0,MIA,0,2
Eloy Jimenez,22,0,R,0,76,2,205,1,96,1,175,1,441,1,488,1,CWS,1,31
Elias Diaz,28,1,R,0,72,1,212,1,332,0,332,0,332,0,332,0,PIT,0,2
Mark Zagunis,26,1,R,0,72,1,212,1,40,0,40,0,40,0,40,0,CHC,0,0
Stephen Vogt,35,2,L,1,72,1,211,1,154,1,263,1,280,0,280,0,SF,0,10
Matt Beaty,26,1,L,1,72,1,210,1,119,1,268,0,268,0,268,0,LAD,0,9
Sam Travis,26,1,R,0,72,1,210,1,93,1,157,0,157,0,157,0,BOS,1,6
Abraham Toro,22,0,B,2,72,1,210,1,89,0,89,0,89,0,89,0,HOU,1,2
Kyle Farmer,29,1,R,0,72,1,207,1,37,1,197,0,197,0,197,0,CIN,0,9
Jeff Mathis,36,2,R,0,72,1,205,1,244,0,244,0,244,0,244,0,TEX,1,2
Zack Cozart,34,2,R,0,72,1,205,1,107,0,107,0,107,0,107,0,LAA,1,0
Bryan Holaday,31,2,R,0,72,1,205,1,129,0,129,0,129,0,129,0,MIA,0,4
Eugenio Suarez,28,1,R,0,71,1,178,0,79,1,138,1,349,1,469,1,CIN,0,49
Derek Dietrich,30,2,L,1,72,1,205,1,45,1,113,1,305,0,305,0,CIN,0,19
Robbie Grossman,30,2,B,2,72,1,205,1,222,1,482,0,482,0,482,0,OAK,1,6
Austin Nola,29,1,R,0,72,1,205,1,125,1,226,1,267,0,267,0,SEA,1,10
Steve Baron,28,1,R,0,72,1,205,1,10,0,10,0,10,0,10,0,PIT,0,0
Francisco Lindor,25,1,B,2,71,1,175,0,90,1,183,1,486,1,653,1,CLE,1,32
Connor Joe,27,1,R,0,72,1,205,1,16,0,16,0,16,0,16,0,SF,0,0
Christin Stewart,25,1,L,1,72,1,205,1,174,1,349,1,416,0,416,0,DET,1,10
Ian Happ,25,1,B,2,72,1,205,1,85,1,153,1,156,0,156,0,CHC,0,11
Freddie Freeman,30,2,L,1,77,2,220,2,125,1,202,1,335,1,546,1,ATL,0,38
Tomas Nido,25,1,R,0,72,1,205,1,144,0,144,0,144,0,144,0,NYM,0,4
Ty France,25,1,R,0,72,1,205,1,150,1,201,0,201,0,201,0,SD,0,7
Austin Hays,24,0,R,0,72,1,205,1,75,0,75,0,75,0,75,0,BAL,1,4
Gary Sanchez,26,1,R,0,74,1,195,1,36,1,75,1,202,1,399,1,NYY,1,34
Trent Grisham,23,0,L,1,72,1,205,1,116,1,183,0,183,0,183,0,MIL,0,6
George Springer,30,2,R,0,75,2,205,1,78,1,148,1,288,1,493,1,HOU,1,39
Ian Kinsler,37,2,R,0,72,1,202,1,129,1,281,0,281,0,281,0,SD,0,9
Dustin Garneau,32,2,R,0,72,1,200,1,100,0,100,0,100,0,100,0,LAA,1,2
Jesus Sucre,31,2,R,0,72,1,200,1,67,0,67,0,67,0,67,0,BAL,1,0
Gleyber Torres,22,0,R,0,73,1,175,0,118,1,183,1,389,1,487,1,NYY,1,38
Tyler Saladino,30,2,R,0,72,1,200,1,71,0,71,0,71,0,71,0,MIL,0,2
Jake Cave,26,1,L,1,72,1,200,1,147,1,228,0,228,0,228,0,MIN,1,8
Addison Russell,25,1,R,0,72,1,200,1,103,1,241,0,241,0,241,0,CHC,0,9
Alex Verdugo,23,0,L,1,72,1,200,1,216,1,307,1,377,0,377,0,LAD,0,12
Willy Adames,24,0,R,0,72,1,198,1,208,1,300,1,569,1,584,0,TB,1,20
Chris Herrmann,31,2,L,1,72,1,195,1,94,0,94,0,94,0,94,0,OAK,1,1
Wilmer Difo,27,1,B,2,72,1,195,1,144,0,144,0,144,0,144,0,WAS,0,2
Harrison Bader,25,1,R,0,72,1,195,1,133,1,353,1,406,0,406,0,STL,0,12
Johan Camargo,25,1,B,2,72,1,195,1,223,1,248,0,248,0,248,0,ATL,0,7
Jake Fraley,24,0,L,1,72,1,195,1,41,0,41,0,41,0,41,0,SEA,1,0
Sheldon Neuse,24,0,R,0,72,1,195,1,61,0,61,0,61,0,61,0,OAK,1,0
Richie Martin,24,0,R,0,72,1,192,1,285,1,309,0,309,0,309,0,BAL,1,6
Will Smith,24,0,R,0,72,1,192,1,44,1,89,1,196,0,196,0,LAD,0,15
Gordon Beckham,33,2,R,0,72,1,190,1,187,1,240,0,240,0,240,0,DET,1,6
Brian Goodwin,29,1,L,1,72,1,190,1,164,1,294,1,458,0,458,0,LAA,1,17
Tim Beckham,29,1,R,0,72,1,190,1,87,1,181,1,328,0,328,0,SEA,1,15
Eric Stamets,28,1,R,0,72,1,190,1,48,0,48,0,48,0,48,0,CLE,1,0
Alex Blandino,27,1,R,0,72,1,190,1,50,0,50,0,50,0,50,0,CIN,0,1
Hunter Renfroe,27,1,R,0,73,1,210,1,68,1,116,1,223,1,474,1,SD,0,33
Javier Baez,26,1,R,0,72,1,190,1,73,1,128,1,346,1,561,0,CHC,0,29
Jurickson Profar,26,1,B,2,72,1,190,1,163,1,277,1,457,1,518,0,OAK,1,20
Michael Reed,26,1,R,0,72,1,190,1,8,0,8,0,8,0,8,0,SF,0,0
LaMonte Wade,25,1,L,1,72,1,190,1,69,0,69,0,69,0,69,0,MIN,1,2
Mike Freeman,32,2,L,1,72,1,189,1,213,0,213,0,213,0,213,0,CLE,1,4
Dawel Lugo,24,0,R,0,72,1,188,1,229,1,288,0,288,0,288,0,DET,1,6
Gorkys Hernandez,32,2,R,0,72,1,185,1,57,0,57,0,57,0,57,0,BOS,1,0
Elvis Andrus,31,2,R,0,72,1,185,1,115,1,513,1,648,0,648,0,TEX,1,12
Cory Spangenberg,28,1,L,1,72,1,185,1,102,0,102,0,102,0,102,0,MIL,0,2
Dylan Moore,27,1,R,0,72,1,185,1,189,1,282,0,282,0,282,0,SEA,1,9
Greg Allen,26,1,B,2,72,1,185,1,256,0,256,0,256,0,256,0,CLE,1,4
J.D. Martinez,32,2,R,0,75,2,232,2,153,1,228,1,425,1,549,1,BOS,1,36
Andrew Stevenson,25,1,L,1,72,1,185,1,37,0,37,0,37,0,37,0,WAS,0,0
Tyrone Taylor,25,1,R,0,72,1,185,1,12,0,12,0,12,0,12,0,MIL,0,0
Dominic Smith,24,0,L,1,72,1,185,1,119,1,184,1,197,0,197,0,NYM,0,11
Keston Hiura,23,0,R,0,72,1,185,1,65,1,164,1,348,0,348,0,MIL,0,19
Victor Robles,22,0,R,0,72,1,185,1,113,1,270,1,617,0,617,0,WAS,0,17
Bo Bichette,21,0,R,0,72,1,185,1,90,1,157,1,212,0,212,0,TOR,1,11
Jed Lowrie,35,2,B,2,72,1,180,1,8,0,8,0,8,0,8,0,NYM,0,0
Jung Ho Kang,32,2,R,0,72,1,180,1,103,1,170,1,185,0,185,0,PIT,0,10
Cristhian Adames,28,1,B,2,72,1,180,1,24,0,24,0,24,0,24,0,SF,0,0
Brendan Rodgers,23,0,R,0,72,1,180,1,81,0,81,0,81,0,81,0,COL,0,0
Luis Torrens,23,0,R,0,72,1,180,1,16,0,16,0,16,0,16,0,SD,0,0
Jose Peraza,25,1,R,0,72,1,178,0,165,1,403,0,403,0,403,0,CIN,0,6
Travis Demeritte,25,1,R,0,72,1,178,0,186,0,186,0,186,0,186,0,DET,1,3
Sean Rodriguez,34,2,R,0,72,1,175,0,139,0,139,0,139,0,139,0,PHI,0,4
Max Moroff,26,1,B,2,72,1,175,0,35,0,35,0,35,0,35,0,CLE,1,1
Brett Phillips,25,1,L,1,72,1,175,0,79,0,79,0,79,0,79,0,KC,1,2
Dom Nunez,24,0,L,1,72,1,175,0,43,0,43,0,43,0,43,0,COL,0,2
Miguel Andujar,24,0,R,0,72,1,175,0,49,0,49,0,49,0,49,0,NYY,1,0
Robinson Cano,37,2,L,1,72,1,172,0,266,1,334,1,423,0,423,0,NYM,0,13
Wilkin Castillo,35,2,B,2,72,1,170,0,7,0,7,0,7,0,7,0,MIA,0,0
Chris Taylor,29,1,R,0,72,1,170,0,177,1,345,1,414,0,414,0,LAD,0,12
Ildemaro Vargas,28,1,B,2,72,1,170,0,202,1,211,0,211,0,211,0,ARI,0,6
Ian Miller,27,1,L,1,72,1,170,0,17,0,17,0,17,0,17,0,MIN,1,0
Marco Hernandez,27,1,L,1,72,1,170,0,155,0,155,0,155,0,155,0,BOS,1,2
Ronny Rodriguez,27,1,R,0,72,1,170,0,72,1,206,1,294,0,294,0,DET,1,14
Raudy Read,26,1,R,0,72,1,170,0,11,0,11,0,11,0,11,0,WAS,0,0
Robel Garcia,26,1,B,2,72,1,168,0,78,1,80,0,80,0,80,0,CHC,0,5
Orlando Arcia,25,1,R,0,72,1,165,0,189,1,291,1,546,0,546,0,MIL,0,15
Adrian Sanchez,29,1,R,0,72,1,160,0,32,0,32,0,32,0,32,0,WAS,0,0
Mauricio Dubon,25,1,R,0,72,1,160,0,111,0,111,0,111,0,111,0,SF,0,4
Eduardo Nunez,32,2,R,0,72,1,155,0,174,0,174,0,174,0,174,0,BOS,1,2
Miguel Rojas,30,2,R,0,72,1,150,0,428,1,526,0,526,0,526,0,MIA,0,5
Mason Williams,28,1,L,1,72,1,150,0,34,0,34,0,34,0,34,0,BAL,1,0
Harold Castro,25,1,L,1,72,1,145,0,325,1,369,0,369,0,369,0,DET,1,5
Kendrys Morales,36,2,B,2,73,1,240,2,201,0,201,0,201,0,201,0,NYY,1,1
Deivy Grullon,23,0,R,0,73,1,240,2,9,0,9,0,9,0,9,0,PHI,0,0
Yasmany Tomas,28,1,R,0,73,1,229,2,6,0,6,0,6,0,6,0,ARI,0,0
Joc Pederson,27,1,L,1,73,1,220,2,57,1,90,1,234,1,448,1,LAD,0,36
Rangel Ravelo,27,1,R,0,73,1,225,2,43,0,43,0,43,0,43,0,STL,0,2
Bobby Bradley,23,0,L,1,73,1,225,2,49,0,49,0,49,0,49,0,CLE,1,1
Alex Gordon,35,2,L,1,73,1,220,2,97,1,253,1,633,0,633,0,KC,1,13
Yasmani Grandal,31,2,B,2,73,1,220,2,59,1,193,1,451,1,632,0,MIL,0,28
Robinson Chirinos,35,2,R,0,73,1,218,1,106,1,183,1,437,0,437,0,HOU,1,17
Tom Murphy,28,1,R,0,73,1,218,1,77,1,152,1,281,0,281,0,SEA,1,18
Austin Romine,30,2,R,0,73,1,216,1,148,1,240,0,240,0,240,0,NYY,1,8
Juan Lagares,30,2,R,0,73,1,215,1,265,1,285,0,285,0,285,0,NYM,0,5
Scott Heineman,26,1,R,0,73,1,215,1,85,0,85,0,85,0,85,0,TEX,1,2
Victor Caratini,26,1,B,2,73,1,215,1,130,1,234,1,279,0,279,0,CHC,0,11
Anthony Alford,25,1,R,0,73,1,215,1,30,0,30,0,30,0,30,0,TOR,1,1
Hernan Perez,28,1,R,0,73,1,214,1,101,1,246,0,246,0,246,0,MIL,0,8
J.T. Realmuto,28,1,R,0,73,1,213,1,172,1,242,1,509,1,592,0,PHI,0,25
Buster Posey,32,2,R,0,73,1,212,1,254,1,445,0,445,0,445,0,SF,0,7
Nick Hundley,36,2,R,0,73,1,210,1,73,0,73,0,73,0,73,0,OAK,1,2
Nick Markakis,35,2,L,1,73,1,210,1,266,1,469,0,469,0,469,0,ATL,0,9
Daniel Murphy,34,2,L,1,73,1,210,1,142,1,293,1,476,0,476,0,COL,0,13
Kyle Garlick,27,1,R,0,73,1,210,1,53,0,53,0,53,0,53,0,LAD,0,3
David Bote,26,1,R,0,73,1,210,1,152,1,279,1,356,0,356,0,CHC,0,11
Jorge Soler,27,1,R,0,75,2,225,2,78,1,162,1,299,1,475,1,KC,1,48
Jose Abreu,32,2,R,0,75,2,245,2,108,1,176,1,352,1,605,1,CWS,1,33
Jose Altuve,29,1,R,0,65,0,148,0,62,1,247,1,378,1,510,1,HOU,1,31
Lane Thomas,24,0,R,0,73,1,210,1,44,0,44,0,44,0,44,0,STL,0,4
Curtis Granderson,38,2,L,1,73,1,207,1,134,1,304,1,363,0,363,0,MIA,0,12
Logan Forsythe,32,2,R,0,73,1,206,1,239,1,366,0,366,0,366,0,TEX,1,7
Adam Duvall,31,2,R,0,73,1,205,1,26,1,130,1,130,0,130,0,ATL,0,10
Aaron Hicks,30,2,B,2,73,1,205,1,131,1,209,1,255,0,255,0,NYY,1,12
Juan Graterol,30,2,R,0,73,1,205,1,18,0,18,0,18,0,18,0,CIN,0,0
Marwin Gonzalez,30,2,B,2,73,1,205,1,161,1,274,1,463,0,463,0,MIN,1,15
Joe Hudson,28,1,R,0,73,1,205,1,1,0,1,0,1,0,1,0,STL,0,0
Josh Bell,27,1,B,2,76,2,240,2,91,1,157,1,312,1,492,1,PIT,0,37
Josh Donaldson,33,2,R,0,72,1,214,1,115,1,274,1,367,1,539,1,ATL,0,37
Frank Schwindel,27,1,R,0,73,1,205,1,15,0,15,0,15,0,15,0,KC,1,0
Nick Ciuffo,24,0,L,1,73,1,205,1,6,0,6,0,6,0,6,0,TB,1,0
Nick Senzel,24,0,R,0,73,1,205,1,163,1,352,1,409,0,409,0,CIN,0,12
Ryan LaMarre,30,2,R,0,73,1,204,1,26,0,26,0,26,0,26,0,MIN,1,2
Socrates Brito,27,1,L,1,73,1,202,1,43,0,43,0,43,0,43,0,TOR,1,0
Drew Butera,36,2,R,0,73,1,200,1,49,0,49,0,49,0,49,0,COL,0,0
Mark Reynolds,36,2,R,0,73,1,200,1,162,0,162,0,162,0,162,0,COL,0,4
Charlie Culberson,30,2,R,0,73,1,200,1,138,1,144,0,144,0,144,0,ATL,0,5
Joey Wendle,29,1,L,1,73,1,200,1,263,0,263,0,263,0,263,0,TB,1,3
Kevin Kiermaier,29,1,L,1,73,1,200,1,164,1,286,1,480,0,480,0,TB,1,14
Drew Robinson,27,1,L,1,73,1,200,1,7,0,7,0,7,0,7,0,STL,0,0
Juan Soto,21,0,L,1,73,1,185,1,111,1,207,1,430,1,546,1,WAS,0,34
Tim Locastro,27,1,R,0,73,1,200,1,250,0,250,0,250,0,250,0,ARI,0,1
Humberto Arteaga,25,1,R,0,73,1,200,1,135,0,135,0,135,0,135,0,KC,1,0
Andrew Knizner,24,0,R,0,73,1,200,1,58,0,58,0,58,0,58,0,STL,0,2
Vladimir Guerrero Jr.,20,0,R,0,73,1,200,1,88,1,311,1,514,0,514,0,TOR,1,15
Mark Canha,30,2,R,0,73,1,198,1,65,1,124,1,358,1,497,0,OAK,1,26
Steven Duggar,26,1,L,1,73,1,198,1,281,0,281,0,281,0,281,0,SF,0,4
Eric Thames,33,2,L,1,73,1,197,1,49,1,182,1,381,1,459,0,MIL,0,25
Josh Rojas,25,1,L,1,73,1,197,1,157,0,157,0,157,0,157,0,ARI,0,2
Mikie Mahtook,29,1,R,0,73,1,196,1,25,0,25,0,25,0,25,0,DET,1,0
Jonathan Villar,28,1,B,2,73,1,196,1,196,1,337,1,567,1,713,0,BAL,1,24
Phil Gosselin,31,2,R,0,73,1,195,1,68,0,68,0,68,0,68,0,PHI,0,0
Ketel Marte,26,1,B,2,73,1,165,0,102,1,218,1,317,1,582,1,ARI,0,32
Ehire Adrianza,30,2,B,2,73,1,195,1,220,1,234,0,234,0,234,0,MIN,1,5
Whit Merrifield,30,2,R,0,73,1,195,1,153,1,329,1,735,0,735,0,KC,1,16
Aledmys Diaz,29,1,R,0,73,1,195,1,83,1,247,0,247,0,247,0,HOU,1,9
Andrew Knapp,28,1,B,2,73,1,195,1,160,0,160,0,160,0,160,0,PHI,0,2
Ji-Man Choi,28,1,L,1,73,1,195,1,182,1,317,1,487,0,487,0,TB,1,19
Jordan Luplow,26,1,R,0,73,1,195,1,69,1,179,1,261,0,261,0,CLE,1,15
Billy McKinney,25,1,L,1,73,1,195,1,166,1,259,1,276,0,276,0,TOR,1,12
Kole Calhoun,32,2,L,1,70,1,200,1,99,1,197,1,368,1,569,1,LAA,1,33
Jake Bauers,24,0,L,1,73,1,195,1,170,1,279,1,423,0,423,0,CLE,1,12
Kris Bryant,27,1,R,0,77,2,215,1,142,1,190,1,398,1,606,1,CHC,0,31
Randy Arozarena,24,0,B,2,73,1,195,1,23,0,23,0,23,0,23,0,STL,0,1
Reese McGuire,24,0,L,1,73,1,195,1,67,1,104,0,104,0,104,0,TOR,1,5
Adam Haseley,23,0,L,1,73,1,195,1,179,1,242,0,242,0,242,0,PHI,0,5
Deven Marrero,29,1,R,0,73,1,194,1,5,0,5,0,5,0,5,0,MIA,0,0
Austin Slater,26,1,R,0,73,1,194,1,144,1,192,0,192,0,192,0,SF,0,5
Kyle Schwarber,26,1,L,1,72,1,220,2,91,1,201,1,366,1,487,1,CHC,0,38
A.J. Pollock,31,2,R,0,73,1,193,1,134,1,245,1,342,0,342,0,LAD,0,15
Joe Panik,29,1,L,1,73,1,193,1,491,0,491,0,491,0,491,0,SF,0,3
Starling Marte,31,2,R,0,73,1,190,1,171,1,259,1,448,1,586,0,PIT,0,23
Kyle Higashioka,29,1,R,0,73,1,190,1,57,0,57,0,57,0,57,0,NYY,1,3
Mike Zunino,28,1,R,0,73,1,190,1,185,1,289,0,289,0,289,0,TB,1,9
Austin Hedges,27,1,R,0,73,1,190,1,123,1,283,1,347,0,347,0,SD,0,11
Austin Dean,26,1,R,0,73,1,190,1,161,1,189,0,189,0,189,0,MIA,0,6
Braden Bishop,26,1,R,0,73,1,190,1,60,0,60,0,60,0,60,0,SEA,1,0
Cheslor Cuthbert,26,1,R,0,73,1,190,1,134,1,330,0,330,0,330,0,KC,1,9
Kevin Kramer,26,1,L,1,73,1,190,1,50,0,50,0,50,0,50,0,PIT,0,0
Dansby Swanson,25,1,R,0,73,1,190,1,73,1,210,1,545,0,545,0,ATL,0,17
Jaylin Davis,25,1,R,0,73,1,190,1,47,0,47,0,47,0,47,0,SF,0,1
Jake Rogers,24,0,R,0,73,1,190,1,128,0,128,0,128,0,128,0,DET,1,4
Kyle Seager,32,2,L,1,73,1,187,1,120,1,241,1,357,1,443,0,SEA,1,23
Jonathan Schoop,28,1,R,0,73,1,187,1,99,1,173,1,388,1,464,0,MIN,1,23
Stevie Wilkerson,27,1,B,2,73,1,185,1,90,1,273,1,361,0,361,0,BAL,1,10
Taylor Ward,25,1,R,0,73,1,185,1,48,0,48,0,48,0,48,0,LAA,1,1
Didi Gregorius,29,1,L,1,73,1,183,1,110,1,213,1,344,0,344,0,NYY,1,16
Peter Bourjos,32,2,R,0,73,1,180,1,46,0,46,0,46,0,46,0,LAA,1,0
Maikel Franco,27,1,R,0,73,1,180,1,60,1,253,1,428,0,428,0,PHI,0,17
Kevin Newman,26,1,R,0,73,1,180,1,207,1,431,1,531,0,531,0,PIT,0,12
Tim Anderson,26,1,R,0,73,1,180,1,90,1,237,1,518,0,518,0,CWS,1,18
Manny Machado,27,1,R,0,75,2,215,1,124,1,247,1,349,1,615,1,SD,0,32
Jeimer Candelario,25,1,B,2,73,1,180,1,219,1,386,0,386,0,386,0,DET,1,8
Rio Ruiz,25,1,L,1,73,1,180,1,257,1,347,1,413,0,413,0,BAL,1,12
Tyler Wade,24,0,L,1,73,1,180,1,108,0,108,0,108,0,108,0,NYY,1,2
Rocky Gale,31,2,R,0,73,1,176,0,15,0,15,0,15,0,15,0,LAD,0,0
Marcus Semien,29,1,R,0,72,1,195,1,204,1,325,1,571,1,713,1,OAK,1,33
Francisco Cervelli,33,2,R,0,73,1,175,0,160,0,160,0,160,0,160,0,ATL,0,2
Tommy Pham,31,2,R,0,73,1,175,0,151,1,291,1,556,1,654,0,TB,1,21
Willson Contreras,27,1,R,0,73,1,175,0,41,1,135,1,344,1,409,0,CHC,0,24
Yu Chang,24,0,R,0,73,1,175,0,84,0,84,0,84,0,84,0,CLE,1,1
Trea Turner,26,1,R,0,73,1,170,0,123,1,342,1,569,0,569,0,WAS,0,19
Skye Bolt,25,1,B,2,73,1,170,0,11,0,11,0,11,0,11,0,OAK,1,0
Richard Urena,23,0,B,2,73,1,170,0,80,0,80,0,80,0,80,0,TOR,1,0
Adalberto Mondesi,24,0,B,2,73,1,165,0,156,1,443,0,443,0,443,0,KC,1,9
Yairo Munoz,24,0,R,0,73,1,165,0,181,0,181,0,181,0,181,0,STL,0,2
Willi Castro,22,0,B,2,73,1,165,0,110,0,110,0,110,0,110,0,DET,1,1
Matt Chapman,26,1,R,0,74,1,205,1,77,1,171,1,356,1,540,1,OAK,1,36
David Peralta,32,2,L,1,73,1,160,0,146,1,368,1,423,0,423,0,ARI,0,12
Jeff McNeil,27,1,L,1,73,1,160,0,258,1,375,1,437,1,567,0,NYM,0,23
Jose Rondon,25,1,R,0,73,1,160,0,157,0,157,0,157,0,157,0,CWS,1,3
Matt Olson,25,1,L,1,76,2,236,2,71,1,138,1,255,1,468,1,OAK,1,36
Mitch Moreland,34,2,L,1,74,1,230,2,45,1,122,1,335,0,335,0,BOS,1,19
John Hicks,30,2,R,0,74,1,230,2,209,1,281,1,333,0,333,0,DET,1,13
Austin Riley,22,0,R,0,74,1,230,2,38,1,113,1,297,0,297,0,ATL,0,18
Brandon Crawford,32,2,L,1,74,1,227,2,214,1,454,1,560,0,560,0,SF,0,11
Max Kepler,26,1,L,1,76,2,220,2,90,1,203,1,334,1,468,1,MIN,1,36
David Freese,36,2,R,0,74,1,225,2,101,1,165,1,186,0,186,0,LAD,0,11
Max Muncy,29,1,L,1,72,1,190,1,74,1,182,1,325,1,494,1,LAD,0,35
Starlin Castro,29,1,R,0,74,1,225,2,299,1,476,1,634,1,676,0,MIA,0,22
Christian Walker,28,1,R,0,74,1,225,2,57,1,219,1,400,1,603,0,ARI,0,29
Daniel Palka,28,1,L,1,74,1,225,2,93,0,93,0,93,0,93,0,CWS,1,2
Zach Green,25,1,R,0,74,1,224,2,16,0,16,0,16,0,16,0,SF,0,0
Joey Votto,36,2,L,1,74,1,220,2,242,1,425,1,608,0,608,0,CIN,0,15
Michael Conforto,26,1,L,1,73,1,215,1,83,1,194,1,410,1,587,1,NYM,0,33
Mike Tauchman,28,1,L,1,74,1,220,2,132,1,194,1,296,0,296,0,NYY,1,13
Aramis Garcia,26,1,R,0,74,1,220,2,46,0,46,0,46,0,46,0,SF,0,2
Jake Noll,25,1,R,0,74,1,218,1,13,0,13,0,13,0,13,0,WAS,0,0
Seth Mejias-Brean,28,1,R,0,74,1,216,1,33,0,33,0,33,0,33,0,SD,0,2
Adam Jones,34,2,R,0,74,1,215,1,80,1,206,1,527,0,527,0,ARI,0,16
Yan Gomes,32,2,R,0,74,1,215,1,223,1,307,1,358,0,358,0,WAS,0,12
Ryan Court,31,2,R,0,74,1,215,1,25,0,25,0,25,0,25,0,SEA,1,1
Miguel Sano,26,1,R,0,75,2,195,1,33,1,137,1,292,1,411,1,MIN,1,34
Kevin Plawecki,28,1,R,0,74,1,215,1,174,0,174,0,174,0,174,0,CLE,1,3
Adam Engel,27,1,R,0,74,1,215,1,210,1,248,0,248,0,248,0,CWS,1,6
Brandon Dixon,27,1,R,0,74,1,215,1,75,1,167,1,420,0,420,0,DET,1,15
Brian O'Grady,27,1,L,1,74,1,215,1,48,0,48,0,48,0,48,0,CIN,0,2
Mike Moustakas,31,2,L,1,72,1,215,1,59,1,158,1,266,1,495,1,MIL,0,35
J.D. Davis,26,1,R,0,74,1,215,1,118,1,259,1,429,1,453,0,NYM,0,22
Mike Trout,28,1,R,0,74,1,235,2,43,1,186,1,308,1,401,1,LAA,1,45
Josh Fuentes,26,1,R,0,74,1,215,1,56,0,56,0,56,0,56,0,COL,0,3
Danny Jansen,24,0,R,0,74,1,215,1,216,1,309,1,384,0,384,0,TOR,1,13
Alex Jackson,23,0,R,0,74,1,215,1,15,0,15,0,15,0,15,0,ATL,0,0
Mitch Garver,28,1,R,0,73,1,220,2,35,1,111,1,230,1,321,1,MIN,1,31
Evan Longoria,34,2,R,0,74,1,213,1,123,1,287,1,493,1,508,0,SF,0,20
Ryan Zimmerman,35,2,R,0,74,1,210,1,146,1,190,0,190,0,190,0,WAS,0,6
Jim Adduci,34,2,L,1,74,1,210,1,5,0,5,0,5,0,5,0,CHC,0,0
Michael Brantley,32,2,L,1,74,1,210,1,102,1,163,1,571,1,637,0,HOU,1,22
Corey Dickerson,30,2,L,1,74,1,210,1,148,1,272,1,279,0,279,0,PHI,0,8
Patrick Wisdom,28,1,R,0,74,1,210,1,28,0,28,0,28,0,28,0,TEX,1,0
Ryan Braun,35,2,R,0,74,1,207,1,81,1,216,1,477,1,504,0,MIL,0,22
Nelson Cruz,39,2,R,0,75,2,175,0,78,1,103,1,311,1,352,1,MIN,1,41
Lorenzo Cain,33,2,R,0,74,1,205,1,353,1,595,1,622,0,622,0,MIL,0,11
Justin Upton,32,2,R,0,74,1,205,1,113,1,228,1,256,0,256,0,LAA,1,12
Logan Morrison,32,2,L,1,74,1,205,1,38,0,38,0,38,0,38,0,PHI,0,2
Leonys Martin,31,2,L,1,74,1,205,1,105,1,264,0,264,0,264,0,CLE,1,9
Rob Brantly,30,2,L,1,74,1,205,1,1,0,1,0,1,0,1,0,PHI,0,0
Austin Wynns,28,1,R,0,74,1,205,1,74,0,74,0,74,0,74,0,BAL,1,1
Yoan Moncada,24,0,B,2,74,1,205,1,70,1,232,1,404,1,559,0,CWS,1,25
Mitch Haniger,28,1,R,0,74,1,204,1,84,1,191,1,283,0,283,0,SEA,1,15
Matt Joyce,35,2,L,1,74,1,200,1,166,1,238,0,238,0,238,0,ATL,0,7
Anthony Bemboom,29,1,L,1,74,1,200,1,60,0,60,0,60,0,60,0,LAA,1,1
Drew Jackson,26,1,R,0,74,1,200,1,4,0,4,0,4,0,4,0,BAL,1,0
Pedro Severino,26,1,R,0,74,1,200,1,69,1,220,1,341,0,341,0,BAL,1,13
Carson Kelly,25,1,R,0,74,1,200,1,107,1,193,1,365,0,365,0,ARI,0,18
Nolan Arenado,28,1,R,0,74,1,215,1,112,1,162,1,391,1,506,1,COL,0,41
Cameron Maybin,32,2,R,0,74,1,196,1,124,1,259,1,269,0,269,0,NYY,1,11
Nicky Delmonico,27,1,L,1,74,1,196,1,68,0,68,0,68,0,68,0,CWS,1,1
Nick Ahmed,29,1,R,0,74,1,195,1,272,1,408,1,625,0,625,0,ARI,0,19
Chance Sisco,24,0,L,1,74,1,193,1,58,1,198,0,198,0,198,0,BAL,1,8
Chad Pinder,27,1,R,0,74,1,192,1,128,1,246,1,370,0,370,0,OAK,1,13
Isaac Galloway,30,2,R,0,74,1,190,1,54,0,54,0,54,0,54,0,MIA,0,0
Marcell Ozuna,28,1,R,0,74,1,190,1,53,1,101,1,346,1,549,0,STL,0,29
Noel Cuevas,28,1,R,0,74,1,190,1,2,0,2,0,2,0,2,0,COL,0,0
Tyler Naquin,28,1,L,1,74,1,190,1,146,1,239,1,294,0,294,0,CLE,1,10
Brandon Drury,27,1,R,0,74,1,190,1,106,1,295,1,447,0,447,0,TOR,1,15
Paul DeJong,26,1,R,0,73,1,195,1,104,1,262,1,491,1,660,1,STL,0,30
Paul Goldschmidt,32,2,R,0,75,2,215,1,33,1,183,1,421,1,612,1,STL,0,34
Anthony Santander,25,1,B,2,74,1,190,1,146,1,249,1,391,1,405,0,BAL,1,20
Pete Alonso,24,0,R,0,74,1,225,2,42,1,139,1,244,1,376,1,NYM,0,53
Byron Buxton,25,1,R,0,74,1,190,1,177,1,284,1,295,0,295,0,MIN,1,10
Yonathan Daza,25,1,R,0,74,1,190,1,105,0,105,0,105,0,105,0,COL,0,0
Cavan Biggio,24,0,L,1,74,1,190,1,74,1,247,1,429,0,429,0,TOR,1,16
Amed Rosario,23,0,R,0,74,1,190,1,196,1,371,1,655,0,655,0,NYM,0,15
Rafael Devers,23,0,L,1,72,1,195,1,195,1,287,1,413,1,642,1,BOS,1,32
Carter Kieboom,22,0,R,0,74,1,190,1,43,0,43,0,43,0,43,0,WAS,0,2
Yandy Diaz,28,1,R,0,74,1,185,1,84,1,218,1,347,0,347,0,TB,1,14
Lourdes Gurriel,26,1,R,0,74,1,185,1,103,1,165,1,334,1,343,0,TOR,1,20
David Dahl,25,1,L,1,74,1,185,1,183,1,293,1,413,0,413,0,COL,0,15
Randal Grichuk,28,1,R,0,74,1,195,1,123,1,245,1,460,1,592,1,TOR,1,31
Dustin Peterson,25,1,R,0,74,1,185,1,47,0,47,0,47,0,47,0,DET,1,0
Ryan McMahon,24,0,L,1,74,1,185,1,118,1,294,1,459,1,539,0,COL,0,24
Josh Reddick,32,2,L,1,74,1,180,1,201,1,303,1,547,0,547,0,HOU,1,14
Teoscar Hernandez,27,1,R,0,74,1,180,1,184,1,249,1,368,1,464,0,TOR,1,26
Renato Nunez,25,1,R,0,73,1,200,1,84,1,188,1,325,1,543,1,BAL,1,31
Jorge Bonifacio,26,1,R,0,74,1,180,1,21,0,21,0,21,0,21,0,KC,1,0
Albert Almora Jr.,25,1,R,0,74,1,180,1,146,1,302,1,363,0,363,0,CHC,0,12
J.P. Crawford,24,0,L,1,74,1,180,1,270,1,396,0,396,0,396,0,SEA,1,7
Oscar Mercado,24,0,R,0,74,1,180,1,196,1,330,1,482,0,482,0,CLE,1,15
Mike Gerber,27,1,L,1,74,1,175,0,26,0,26,0,26,0,26,0,SF,0,0
Andrelton Simmons,30,2,R,0,74,1,170,0,247,1,424,0,424,0,424,0,LAA,1,7
Matt Duffy,28,1,R,0,74,1,170,0,169,0,169,0,169,0,169,0,TB,1,1
Gavin Lux,21,0,L,1,74,1,170,0,82,0,82,0,82,0,82,0,LAD,0,2
Raimel Tapia,25,1,L,1,74,1,160,0,105,1,447,0,447,0,447,0,COL,0,9
Albert Pujols,39,2,R,0,75,2,240,2,120,1,199,1,450,1,545,0,LAA,1,23
Anthony Rizzo,30,2,L,1,75,2,240,2,111,1,158,1,405,1,613,0,CHC,0,27
Ryan McBroom,27,1,R,0,75,2,240,2,83,0,83,0,83,0,83,0,KC,1,0
Jose Osuna,26,1,R,0,75,2,240,2,50,1,176,1,284,0,284,0,PIT,0,10
Ronald Acuna,21,0,R,0,72,1,180,1,51,1,201,1,419,1,550,1,ATL,0,41
Hanley Ramirez,35,2,R,0,75,2,238,2,57,0,57,0,57,0,57,0,CLE,1,2
Alex Dickerson,29,1,L,1,75,2,235,2,100,1,190,0,190,0,190,0,SF,0,6
Jorge Alfaro,26,1,R,0,75,2,233,2,79,1,227,1,465,0,465,0,MIA,0,18
Chris Davis,33,2,L,1,75,2,230,2,108,1,312,1,352,0,352,0,BAL,1,12
Rougned Odor,25,1,L,1,71,1,170,0,119,1,253,1,376,1,576,1,TEX,1,30
Matt Adams,31,2,L,1,75,2,230,2,90,1,146,1,278,1,333,0,WAS,0,20
Cam Gallagher,26,1,R,0,75,2,230,2,142,0,142,0,142,0,142,0,KC,1,3
Chris Shaw,25,1,L,1,75,2,229,2,20,0,20,0,20,0,20,0,SF,0,0
Curt Casali,31,2,R,0,75,2,225,2,169,1,236,0,236,0,236,0,CIN,0,8
James McCann,29,1,R,0,75,2,225,2,183,1,263,1,476,0,476,0,CWS,1,18
Travis Shaw,29,1,L,1,75,2,225,2,174,1,270,0,270,0,270,0,MIL,0,7
Luke Maile,28,1,R,0,75,2,225,2,129,0,129,0,129,0,129,0,TOR,1,2
Luke Voit,28,1,R,0,75,2,225,2,96,1,150,1,462,1,510,0,NYY,1,21
Ian Desmond,34,2,R,0,75,2,220,2,141,1,245,1,481,1,482,0,COL,0,20
Jake Lamb,29,1,L,1,75,2,220,2,132,1,226,0,226,0,226,0,ARI,0,6
Seth Brown,27,1,L,1,75,2,220,2,83,0,83,0,83,0,83,0,OAK,1,0
Brian Anderson,26,1,R,0,75,2,220,2,204,1,323,1,466,1,520,0,MIA,0,20
Edwin Rios,25,1,L,1,75,2,220,2,56,0,56,0,56,0,56,0,LAD,0,4
Zack Collins,24,0,L,1,75,2,220,2,101,0,101,0,101,0,101,0,CWS,1,3
Greg Bird,27,1,L,1,75,2,219,1,41,0,41,0,41,0,41,0,NYY,1,1
Kelvin Gutierrez,25,1,R,0,75,2,216,1,79,0,79,0,79,0,79,0,KC,1,1
Neil Walker,34,2,B,2,75,2,215,1,184,1,381,0,381,0,381,0,MIA,0,8
Jason Castro,32,2,L,1,75,2,215,1,54,1,149,1,275,0,275,0,MIN,1,13
Chad Wallach,28,1,R,0,75,2,215,1,54,0,54,0,54,0,54,0,MIA,0,1
Jesse Winker,26,1,L,1,75,2,215,1,60,1,154,1,384,0,384,0,CIN,0,16
Sean Murphy,25,1,R,0,75,2,215,1,60,0,60,0,60,0,60,0,OAK,1,4
Jordy Mercer,33,2,R,0,75,2,210,1,153,1,271,0,271,0,271,0,DET,1,9
Ryan Flaherty,33,2,L,1,75,2,210,1,22,0,22,0,22,0,22,0,CLE,1,0
Michael Taylor,28,1,R,0,75,2,209,1,97,0,97,0,97,0,97,0,WAS,0,1
Derek Fisher,26,1,L,1,75,2,207,1,105,1,167,0,167,0,167,0,TOR,1,6
Brandon Nimmo,26,1,L,1,75,2,206,1,192,1,254,0,254,0,254,0,NYM,0,8
Troy Tulowitzki,35,2,R,0,75,2,205,1,13,0,13,0,13,0,13,0,NYY,1,1
Wilmer Flores,28,1,R,0,75,2,203,1,190,1,285,0,285,0,285,0,ARI,0,9
Ben Zobrist,38,2,B,2,75,2,200,1,176,0,176,0,176,0,176,0,CHC,0,1
Matt Carpenter,33,2,L,1,75,2,200,1,190,1,290,1,492,0,492,0,STL,0,15
JaCoby Jones,27,1,R,0,75,2,200,1,126,1,260,1,333,0,333,0,DET,1,11
Ryan O'Hearn,26,1,L,1,75,2,200,1,167,1,296,1,370,0,370,0,KC,1,14
Bryan Reynolds,24,0,B,2,75,2,200,1,102,1,347,1,546,0,546,0,PIT,0,16
Jacob Nottingham,24,0,R,0,75,2,200,1,7,0,7,0,7,0,7,0,MIL,0,1
Niko Goodrum,27,1,B,2,75,2,198,1,206,1,381,1,472,0,472,0,DET,1,12
Jay Bruce,32,2,L,1,75,2,195,1,45,1,107,1,230,1,333,0,SEA,1,14
Erik Gonzalez,28,1,R,0,75,2,195,1,156,0,156,0,156,0,156,0,PIT,0,1
Stephen Piscotty,28,1,R,0,75,2,195,1,165,1,340,1,393,0,393,0,OAK,1,13
Nick Williams,26,1,L,1,75,2,195,1,112,0,112,0,112,0,112,0,PHI,0,2
Brian McCann,35,2,L,1,75,2,190,1,129,1,221,1,316,0,316,0,ATL,0,12
Jarrett Parker,30,2,L,1,75,2,190,1,15,0,15,0,15,0,15,0,LAA,1,0
Travis Jankowski,28,1,L,1,75,2,190,1,24,0,24,0,24,0,24,0,SD,0,0
Wil Myers,28,1,R,0,75,2,190,1,68,1,178,1,490,0,490,0,SD,0,18
Kaleb Cowart,27,1,B,2,75,2,190,1,26,0,26,0,26,0,26,0,LAA,1,0
Mitch Walding,27,1,L,1,75,2,190,1,2,0,2,0,2,0,2,0,PHI,0,0
Cole Tucker,23,0,B,2,75,2,185,1,159,0,159,0,159,0,159,0,PIT,0,2
Fernando Tatis Jr.,20,0,R,0,75,2,185,1,64,1,195,1,339,1,372,0,SD,0,22
Caleb Joseph,33,2,R,0,75,2,180,1,41,0,41,0,41,0,41,0,ARI,0,0
JT Riddle,28,1,L,1,75,2,180,1,97,1,139,0,139,0,139,0,MIA,0,6
Rosell Herrera,27,1,B,2,75,2,180,1,119,0,119,0,119,0,119,0,MIA,0,2
Yadiel Rivera,27,1,R,0,75,2,180,1,66,0,66,0,66,0,66,0,MIA,0,0
Franchy Cordero,25,1,L,1,75,2,175,0,20,0,20,0,20,0,20,0,SD,0,0
Victor Reyes,25,1,B,2,75,2,170,0,292,0,292,0,292,0,292,0,DET,1,3
Justin Bour,31,2,L,1,76,2,250,2,116,1,170,0,170,0,170,0,LAA,1,8
Miguel Cabrera,36,2,R,0,76,2,249,2,305,1,479,1,549,0,549,0,DET,1,12
Tyler Flowers,33,2,R,0,76,2,245,2,102,1,262,1,310,0,310,0,ATL,0,11
AJ Reed,26,1,L,1,76,2,240,2,49,0,49,0,49,0,49,0,CWS,1,1
Rhys Hoskins,26,1,R,0,76,2,240,2,39,1,135,1,392,1,703,0,PHI,0,29
C.J. Cron,29,1,R,0,76,2,235,2,80,1,155,1,404,1,499,0,MIN,1,25
Nate Lowe,24,0,L,1,76,2,235,2,67,1,169,0,169,0,169,0,TB,1,7
Eric Hosmer,30,2,L,1,76,2,232,2,120,1,250,1,554,1,667,0,SD,0,22
Avisail Garcia,28,1,R,0,76,2,232,2,125,1,193,1,524,1,530,0,TB,1,20
Kevan Smith,31,2,R,0,76,2,230,2,191,1,211,0,211,0,211,0,LAA,1,5
Ryan Lavarnway,32,2,R,0,76,2,225,2,19,0,19,0,19,0,19,0,CIN,0,2
Peter O'Brien,29,1,R,0,76,2,225,2,47,0,47,0,47,0,47,0,MIA,0,1
Trevor Story,26,1,R,0,73,1,175,0,86,1,224,1,436,1,613,1,COL,0,35
Trey Mancini,27,1,R,0,76,2,215,1,44,1,182,1,394,1,607,1,BAL,1,35
Austin Allen,25,1,L,1,76,2,225,2,71,0,71,0,71,0,71,0,SD,0,0
Ronald Guzman,25,1,L,1,76,2,225,2,86,1,270,1,295,0,295,0,TEX,1,10
Mark Trumbo,33,2,R,0,76,2,220,2,31,0,31,0,31,0,31,0,BAL,1,0
Todd Frazier,33,2,R,0,76,2,220,2,134,1,215,1,450,1,499,0,NYM,0,21
Justin Smoak,32,2,B,2,76,2,220,2,82,1,206,1,437,1,500,0,TOR,1,22
DJ LeMahieu,31,2,R,0,76,2,220,2,216,1,316,1,497,1,655,0,NYY,1,26
Matt Skole,30,2,L,1,76,2,220,2,80,0,80,0,80,0,80,0,CWS,1,0
Jacob Stallings,29,1,R,0,76,2,220,2,174,1,210,0,210,0,210,0,PIT,0,6
Hunter Dozier,28,1,R,0,76,2,220,2,67,1,185,1,395,1,586,0,KC,1,26
Aristides Aquino,25,1,R,0,76,2,220,2,30,1,55,1,225,0,225,0,CIN,0,19
Rowdy Tellez,24,0,L,1,76,2,220,2,66,1,200,1,362,1,409,0,TOR,1,21
Hunter Pence,36,2,R,0,76,2,210,1,73,1,121,1,316,0,316,0,TEX,1,18
Matt Kemp,35,2,R,0,76,2,210,1,62,0,62,0,62,0,62,0,CIN,0,1
Colin Moran,27,1,L,1,76,2,205,1,149,1,206,1,503,0,503,0,PIT,0,13
Corey Seager,25,1,L,1,76,2,205,1,209,1,384,1,541,0,541,0,LAD,0,19
Kyle Lewis,24,0,R,0,76,2,205,1,36,1,75,0,75,0,75,0,SEA,1,6
Gregory Polanco,28,1,L,1,76,2,204,1,99,1,166,0,166,0,166,0,PIT,0,6
Jake Marisnick,28,1,R,0,76,2,200,1,88,1,287,1,318,0,318,0,HOU,1,10
Ryan Cordell,27,1,R,0,76,2,200,1,151,1,247,0,247,0,247,0,CWS,1,7
Shohei Ohtani,25,1,L,1,76,2,200,1,111,1,182,1,423,0,423,0,LAA,1,18
Carlos Gomez,33,2,R,0,76,2,195,1,99,0,99,0,99,0,99,0,NYM,0,3
Nomar Mazara,24,0,L,1,76,2,195,1,91,1,288,1,469,0,469,0,TEX,1,19
Carlos Correa,25,1,R,0,76,2,190,1,90,1,167,1,314,1,321,0,HOU,1,21
Kyle Tucker,22,0,L,1,76,2,190,1,72,0,72,0,72,0,72,0,HOU,1,4
Bubba Starling,27,1,R,0,76,2,180,1,197,0,197,0,197,0,197,0,KC,1,4
Kevin Cron,26,1,R,0,77,2,245,2,64,1,78,0,78,0,78,0,ARI,0,6
Lucas Duda,33,2,L,1,77,2,240,2,119,0,119,0,119,0,119,0,KC,1,4
Jason Heyward,30,2,L,1,77,2,240,2,80,1,250,1,536,1,589,0,CHC,0,21
Matt Wieters,33,2,B,2,77,2,230,2,77,1,142,1,183,0,183,0,STL,0,11
Xander Bogaerts,27,1,R,0,75,2,175,0,139,1,234,1,396,1,476,1,BOS,1,33
Garrett Cooper,28,1,R,0,77,2,230,2,95,1,221,1,421,0,421,0,MIA,0,15
Joey Gallo,25,1,L,1,77,2,230,2,56,1,109,1,237,1,297,0,TEX,1,22
Ryon Healy,27,1,R,0,77,2,225,2,90,1,187,0,187,0,187,0,SEA,1,7
Sam Hilliard,25,1,L,1,77,2,225,2,52,1,87,0,87,0,87,0,COL,0,7
Yordan Alvarez,22,0,L,1,77,2,225,2,41,1,120,1,257,1,369,0,HOU,1,27
Domingo Santana,27,1,R,0,77,2,224,2,107,1,222,1,441,1,505,0,SEA,1,21
Aaron Altherr,28,1,R,0,77,2,220,2,66,0,66,0,66,0,35,0,NYM,0,1
Giancarlo Stanton,30,2,R,0,77,2,215,1,72,0,72,0,72,0,72,0,NYY,1,3
Lewis Brinson,25,1,R,0,77,2,214,1,248,0,248,0,248,0,248,0,MIA,0,0
Brandon Belt,31,2,L,1,77,2,210,1,90,1,293,1,616,0,616,0,SF,0,17
Dexter Fowler,33,2,B,2,77,2,205,1,186,1,272,1,574,0,574,0,STL,0,19
Bradley Zimmer,26,1,L,1,77,2,205,1,14,0,14,0,14,0,14,0,CLE,1,0
Grayson Greiner,27,1,R,0,78,2,239,2,147,1,224,0,224,0,224,0,DET,1,5
Yuli Gurriel,35,2,R,0,72,1,190,1,263,1,335,1,408,1,585,1,HOU,1,31
Dylan Cozens,25,1,L,1,78,2,235,2,1,0,1,0,1,0,1,0,PHI,0,0
Jose Martinez,31,2,R,0,78,2,215,1,218,1,296,1,373,0,373,0,STL,0,10
Aaron Judge,27,1,R,0,79,2,230,2,89,1,165,1,369,1,446,0,NYY,1,27
